noisy_text,formal_text
กะทะรุ่นใช้ช้อนตักมิได้นิ .....,กระทะรุ่นนี้ใช้ช้อนตักไม่ได้
ป่ะไม่ต้องรอวันพุธและ ^^,ไม่ต้องรอถึงวันพุธ
"โคโรลาโดสามารถเริ่มดาวน์ 29,000 ค่ะ","โคโรลาโดสามารถเริ่มวางเงินดาวน์ได้ 29,000 บาท"
ไดเอทจ้ะ,ฉันกำลังควบคุมอาหาร
"[[ รักษาอาการปวดประจำเดือน ]] โดย พญ.ชลิดา เรารุ่งโรจน์ สูติ-นรีแพทย์ ด้านมะเร็งนรีเวชวิทยา อาการปวดประจำเดือน เป็นปัญหากวนใจสำหรับคุณผู้หญิงหลาย ๆ ท่าน ทั้งปวดธรรม ไปจนถึงปวดทรมานกระทบต่อการใช้ชีวิตประจำวัน การปวดประจำเดือนไม่ใช่เรื่องปกติ สามารถบ่งบอกหรือนำไปสู่งโรคทางนรีเวชวิทยาต่าง ๆ ได้ ติดตามเพิ่มเติมได้จากวิดีโอนี้ https://www.youtube.com/watch?v=0Q7CgougnNA&t=259s #ติดต่อสอบถามเพิ่มเติม 🏥 ศูนย์สุขภาพสตรี Women's Health Center 📞 โทร. 0-2734-0000 ต่อ 3200, 3204 อย่าลืมกด like เพจ โรงพยาบาลเวชธานี-Vejthani Hospital เพื่อไม่พลาดข่าวสารสุขภาพและโปรโมชั่นดีๆ... #นัดหมายแพทย์ออนไลน์ : https://goo.gl/sJ8X89 #ปรึกษาแพทย์ออนไลน์ : https://goo.gl/MWm8EM --------------------------------------------------- #โรงพยาบาลเวชธานี #รับรองจากJCIมาตรฐานโรงพยาบาลระดับสากล #เวชธานีลาดพร้าว111 💻 Website : www.vejthani.com 📞 Call Center : 02-222-2222","การรักษาอาการปวดประจำเดือน โดย พญ.ชลิดา เรารุ่งโรจน์ สูติ-นรีแพทย์ ด้านมะเร็งนรีเวชวิทยา อาการปวดประจำเดือนเป็นปัญหาที่รบกวนจิตใจของคุณผู้หญิงหลายท่าน ตั้งแต่ปวดเล็กน้อยไปจนถึงปวดทรมาน ส่งผลกระทบต่อการใช้ชีวิตประจำวัน การปวดประจำเดือนไม่ใช่เรื่องปกติ และอาจบ่งบอกถึงหรือนำไปสู่โรคทางนรีเวชวิทยาต่างๆ ได้ ติดตามข้อมูลเพิ่มเติมได้จากวิดีโอนี้ https://www.youtube.com/watch?v=0Q7CgougnNA&t=259s หากต้องการติดต่อสอบถามเพิ่มเติม กรุณาติดต่อ ศูนย์สุขภาพสตรี Women's Health Center โทร. 0-2734-0000 ต่อ 3200, 3204 กรุณากดไลก์เพจ โรงพยาบาลเวชธานี-Vejthani Hospital เพื่อไม่พลาดข่าวสารสุขภาพและโปรโมชั่นดีๆ สามารถนัดหมายแพทย์ออนไลน์ได้ที่ https://goo.gl/sJ8X89 และปรึกษาแพทย์ออนไลน์ได้ที่ https://goo.gl/MWm8EM โรงพยาบาลเวชธานีได้รับการรับรองมาตรฐานโรงพยาบาลระดับสากล JCI ตั้งอยู่ที่ลาดพร้าว 111 เว็บไซต์: www.vejthani.com คอลเซ็นเตอร์: 02-222-2222"
รถนิสสันอย่าเสี่ยงครับพี่ ปัญหาเยอะครับ,รถยนต์นิสสันอย่าได้เสี่ยงเลยครับท่าน ปัญหามากครับ
ไหนบอกนอน,ไหนบอกว่าจะนอน
เลี้ยงจรืงไหม เลี้ยงก้ไปจ้า55555,เลี้ยงจริงหรือเปล่าคะ ถ้าเลี้ยงก็จะไปค่ะ
ขอบคุนคุนหมออัครพล รพ สมิติเวช ศรีฯ ที่ลางานไปวิ่งกะพี่ตูนค่ะ,ขอบคุณคุณหมออัครพล โรงพยาบาลสมิติเวช ศรีนครินทร์ ที่ลางานไปวิ่งกับพี่ตูนค่ะ
เกิดไรขึ้นมาไม่ทัน,เกิดอะไรขึ้นมาไม่ทัน
เปลี่ยนน้ำมันเครื่อง มิตซูบิชิ มิราจ ราคาเท่าไรครับ,สอบถามราคาก่อนเปลี่ยนถ่ายน้ำมันเครื่องรถยนต์มิตซูบิชิ มิราจ ครับ
ไม่ถูกกับเบียร์ช้างครับ,ดิฉันไม่ถูกกับเบียร์ช้าง
Now!!,ขณะนี้
แบล็ค เลเบิ้ล,แบล็ก เลเบล
เบื่อยัง..อยากกิน ไม่แพง,ข้าพเจ้าเบื่อแล้ว อยากรับประทานอาหารที่ไม่แพง
สนับสนุนอีก 1 เสียงครับ อยากให้มันถูกกฏหมายซักทีเถอะ,ฉันสนับสนุนอีกหนึ่งเสียง ผมอยากให้สิ่งนี้ถูกกฎหมายโดยเร็ว
แอคคอรด์vsแคมรี่ มือ2ปี2013-14 ตัวไหนคุ้มกว่ากันคับ หรือว่าจะขับcivicป้ายแดงดีคับ ขอบคุนคับ,รถยนต์รุ่น Accord หรือ Camry มือสองปี 2013-2014 รุ่นใดคุ้มค่ากว่ากันครับ หรือควรจะเลือกรถยนต์รุ่น Civic ป้ายแดงดีครับ ขอบคุณครับ
"เมื่อเซลล์ส่งสัญญาณความอ่อนแอ ✅พลังงานตก 👉อ่อนเพลีย เหนื่อยง่าย 👉ผิวพรรณหมอง ไม่สดใส ✅สมองตื้อ 👉เครียด สมองอ่อนล้า ไม่ปลอดโปร่ง 👉นอนไม่หลับ ปวดหัว ไมเกรน ✅ภูมิคุ้มกันต่ำ 👉เจ็บป่วย หรือติดเชื้อง่าย 👉เกิดการอักเสบบริเวณต่างๆ ✨✨หากมีสัญญาณความอ่อนแอ เหล่านี้ อย่างนิ่งนอนใจเชียว หรือปล่อยให้เรื้อรัง รีบสนใจดูแลเซลล์ ด่วน!!! ✨✨ 🚩เริ่มต้นความแข็งแรง >>> ระดับเซลล์ สู่...ชีวิต ***บียอนด์ไลฟ์เซนเชียล ""เซลล์แข็งแรง ร่างกายแข็งแรง"" #Lifesential #ไลฟ์เซนเชียล ทาน 3 เดือน อายุเซลล์ลดลง 10 ปี ไม่อยากแก่...ต้องทาน #ชะลอวัย #สุขภาพดี 💢ปฏิวัติการดูแลสุขภาพในระดับเซลล์... ราคาปกติ 3535.- ราคาสมาชิก 2750.- เพื่อผลลัพธ์ทางสุขภาพที่ชัดเจนนะคะ🌸🌻 ----------------","เมื่อเซลล์ส่งสัญญาณความอ่อนแอ เช่น พลังงานตก อ่อนเพลีย เหนื่อยง่าย ผิวพรรณหมองคล้ำ ไม่สดใส สมองตื้อ เครียด สมองอ่อนล้า ไม่ปลอดโปร่ง นอนไม่หลับ ปวดศีรษะ หรือไมเกรน ภูมิคุ้มกันต่ำ เจ็บป่วยหรือติดเชื้อได้ง่าย เกิดการอักเสบบริเวณต่างๆ หากมีสัญญาณความอ่อนแอเหล่านี้ อย่าเพิกเฉยหรือปล่อยให้เรื้อรัง ควรรีบใส่ใจดูแลเซลล์โดยด่วน เริ่มต้นความแข็งแรงจากระดับเซลล์สู่ชีวิตที่ดีกว่าด้วยผลิตภัณฑ์ Lifesential ซึ่งมีคำกล่าวว่า ""เซลล์แข็งแรง ร่างกายแข็งแรง"" การบริโภคผลิตภัณฑ์เป็นเวลา 3 เดือนสามารถช่วยลดอายุเซลล์ลง 10 ปี เหมาะสำหรับผู้ที่ต้องการชะลอวัยและมีสุขภาพดี เป็นการปฏิวัติการดูแลสุขภาพในระดับเซลล์ ราคาปกติ 3,535 บาท ราคาสมาชิก 2,750 บาท เพื่อผลลัพธ์ทางสุขภาพที่ชัดเจน"
พักก่อนสาส,พักก่อนครับ
ชอบตรงที่ชนะอะไรอะไรมาทุกอย่างแต่มาแพ้บุหรี่จริงเลย,ถึงแม้ว่าจะชนะสิ่งต่างๆ มามากมาย แต่สุดท้ายกลับมาแพ้ให้กับบุหรี่
