noisy_text,clean_text
ไปจองมาแล้วนาจา Mitsubishi Attrage ได้หลังสงกรานต์เลย รอขับอยู่นาจา กระทัดรัด เหมาะกับสาวๆขับรถคนเดียวแบบเรา ราคาสบายกระเป๋า ประหยัดน้ำมัน วิ่งไกลแค่ไหนหายห่วงค่ะ,ไปจองมาแล้วนาจา Mitsubishi Attrage ได้หลังสงกรานต์เลย รอขับอยู่นาจา กะทัดรัด เหมาะกับสาวๆๆขับรถเดียวแบบเรา ราคาสบายกระเป๋า ประหยัดน้ำมัน วิ่งไกลแค่ไหนหายหัวค่ะ
เปิดศักราชใหม่! นายกฯ แถลงข่าวก่อนการแข่งขันศึก #ช้างเอฟเอคัพ นัดชิงชนะเลิศ,เปิดศักราชใหม่! นายก แถลงข่าวก่อนการแข่งขันศึก #ช้างเอฟเอคัพ นัดชิงชนะเลิศ
บัตรสมาชิกลดได้อีกไหมคับ,บัตรสมาชิกลดได้อีกไหมคับ
สนใจ new mazda2ครับ,สนใจ new mazda2ครับ
😍😍,😍😍
"พอๆกับ, Juke : รถอะไรวะ ทรงประหลาด CHR : สวย ล้ำ คุ้ม","พอๆๆกับ, Juke : รถอะไรวะ ทรงประหลาด CHR : สวย ล้ำ คุ้ม"
张丽霞 อ้อออ ผ้าอนามัยแบบสอดอ่ะนะ กุกลัวมาก 5555555,张丽霞 อ้อ ผ้าอนามัยแบบสอดอ่ะนะ กุกลัวมาก 5
เออน่ากินนนน,เออห่ากิน
ไม่ขอบสีโทนนี้แล้ว ไปชอบโทน tarte bloom หยั่กดั้ยมากกก,ไม่ขอบสีโทนนี้แล้ว ไปชอบโทน tarte bloom หยั่กดั้ยมาก
ไปจับบุหรี่ไฟฟ้าในคลิป ตำรวจเป็น10คนได้ละมั่ง ผู้หญิงคนเดียว ตลกดี ของกลางบุหรี่ไฟฟ้า เป็นอันตรายต่อประเทศชาติอย่างรุนแรง อาจทำให้น้ำท่วม พายุได้,ไปจับบุหรี่ไฟฟ้าในคลิป ตำรวจเป็น10คนได้ละมั่ง ผู้หญิงเดียว ตลกดี ของกลางบุหรี่ไฟฟ้า เป็นอันตรายต่อประเทศชาติอย่างรุนแรง อาจทำให้น้ำท่วม พายุได้
เหมาะกะมึงที่สัสคะ เอ้ย สุด,เหมาะกะมึงที่สัสคะ เอ้ย สุด
กรองน้ำมันเกียร์ Swift มีอยู่ในเกียร์ทั้งกรองหยาบและกรองละเอียด แต่ไม่มีอะไหล่ให้เบิกเนื่องจากซัพพลายเออร์บอกว่าใช้ได้ตลอดอายุเกียร์ ผมเชื่อว่าไม่มีทางที่มันจะอยู่ได้นานขนาดนั้นและบอกความเห็นไปทาง Suzuki แล้วว่าควรทำให้สามารถเบิกจากศูนย์ได้,กรองน้ำมันเกียร์ Swift มีอยู่ในเกียร์ทั้งกรองหยาบและกรองละเอียด แต่ไม่มีอะไหล่ให้เบิกเนื่องจากซัพพลายเออร์บอกว่าใช้ได้ต่ออายุเกียร์ ผมเชื่อว่าไม่ทางที่มันจะอยู่ได้นานขนาดนั้นและบอกความเร็วไปทาง Suzuki แล้วว่าควรทำให้สามารถเบิกจากศูนย์ได้
เออ ข่าวบาบีก้อนอะที่เค้าบอกกันว่าถ้าสุกก็กินได้ คือพยาธิตายยังไงอะ แบบสลายหายไปเลยหรือเป็นซากอะ ถ้าเป็นซากก็กินไม่ไหวนะ 😂,เออ ข่าวบาบีก้อนอะที่เค้าบอกกันว่าถ้าสุกก็กินได้ คือพยาธิตายยังไงอะ แบบสลายหายไปเลยหรือเป็นซากอะ ถ้าเป็นซากก็กินไม่ไหวนะ 😂
นึกว่า Subaru XV ฮ่าๆ 😂,นึกว่า Subaru XV ฮ่าๆๆ 😂
"ใหม่! Precious Mineral Compact SPF30/PA++ แป้งฝุ่นอัดแข็งมัลติฟังก์ชั่น ปกปิดเป๊ะ ความคุมมัน ติดทนนาน ให้คุณได้ผิวสวยเรียบเนียนตลอดวัน มาพร้อมพัฟ 2 สัมผัส ให้คุณสวยได้ 2 สไตล์ในตลับเดียว ช้อปเลยที่ETUDE HOUSE ทุกสาขา📍 - เซ็นเตอร์พอยท์ ออฟ สยามสแควร์, ชั้น 3 (โทร. 02-222-2222) - เซ็นทรัลพลาซ่า พระราม 2, ชั้น 1 (โทร. 02222-2222) - สยามเซ็นเตอร์, ชั้น M (โทร. 02222-2222) - แฟชั่นไอส์แลนด์, ชั้น 2 (โทร. 02-222-2222) - เซ็นทรัลพลาซา เวสต์เกต ชั้น 2 (เปิดบริการวันที่ 5 เมษายน) 🛒 ช้อปออนไลน์ของแท้ 100% ได้ที่ http://bit.ly/ETUDEatLazada 🔍 ดูข้อมูลสินค้าเพิ่มเติมได้ที่ www.etudehouse.com ⭐️ เป็นเพื่อนกับเราที่ Line@ @etudehousethailand หรือคลิก http://line.me/ti/p/~@etudehousethailand","ใหม่! Precious Mineral Compact SPF30/PA++ แป้งฝุ่นอัดแข็งมัลติฟังก์ชั่น ปกปิดเป๊ะ ความคุมมัน ติดทนนาน ให้คุณได้ผิวสวยเรียบเนียนตลอดจน มาพร้อมพัฟ 2 สัมผัส ให้คุณสวยได้ 2 สไตล์ในตลับเดียว ช้อปเลยที่ETUDE HOUSE ทุกสาขา📍 - เซ็นเตอร์พอยท์ ออฟ สยามสแควร์, ชั้น 3 (โทร. 02-2-2) - เซ็นทรัลพลาซ่า พระยา 2, ชั้น 1 (โทร. 02-2) - สยามเซ็นเตอร์, ชั้น M (โทร. 02-2) - แฟชั่นไอส์แลนด์, ชั้น 2 (โทร. 02-2-2) - เซ็นทรัลพลาซา เวสต์เกตน ชั้น 2 (เปิดบริการวันที่ 5 เมษายน) 🛒 ช้อปออนไลน์ของใช้ 100% ได้ที่ http://bit.ly/ETUDEatLazada 🔍 ดูข้อมูลสินค้าเพิ่มเติมได้ที่ w.etudehouse.com ⭐️ เล่นเพื่อนกับเราที่ Line@ @etudehousethailand หรือคลิก http://line.me/ti/p/~@etudehousethailand"
สู้ๆนะคร้าฟผมๆๆๆๆๆ,สู้ๆๆนะคนร้าผม
ได้ท้ายแอคคอร์ดเลย,ได้ท้ายคองคอร์ดเลย
2 วันสุดท้าย ยังไงคะลูกสาว,2 วันสุดท้าย ยังไงคะลูกสาว
ขอบคุณคะ,ขอบคุณคะ
ผ่อนบาทเดือนละ1400ไจ่ก่อ,ผ่อนบาทเดือนละ1400ไม่ก่อ
"ญาติพี่น้อง ลึกๆ ก็รักกันป่ะวะเค้าถึงมารวมญาติกัน ไม่ได้เกลียดกัน มันจะกระอักกระอ่วนอะไรขนาดนั้น แล้วถ้าจะไม่ให้ญาติผู้ใหญ่ทักเรื่องส่วนตัวเรียนอะไรเกรดเท่าไรทำงานอะไร จะให้เค้าถามอะไร ""ว่าไงลูก ปีนี้มี followers ในทวิตเตอร์กี่คนแล้ว"" หรา","ญาติพี่น้อง ลึกๆๆ ก็รักกันป่ะวะเค้าถึงมารวมญาติกัน ไม่ได้เกลียดกัน มันจะกระอักกระอ่วนอะไรขนาดนั้น แล้วถ้าจะไม่ให้ญาติผู้ใหญ่ทักเรื่องส่วนตัวเรียนอะไรเกรดเท่าไรทำงานอะไร จะให้เค้าถามอะไร ""ว่าไงลูก ปีนี้มี followers ในวิกเตอร์กี่คนแล้ว"" หรา"
อยากให้ดันเรื่องให้ผ่านไวๆจังครับ ตอนนี้รู้สึกอึดอัดมาก,อยากให้ดันเรื่องให้ผ่านไวๆๆจังครับ ตอนนี้รู้สึกอึดอัดมาก
ได้เลย ที่รัก รองดูไว้ก่อนเลย 💕,ได้เลย ที่รัก รองดูไว้ก่อนเลย 💕
การบริการเริ่มแย่ลงทุกวัน เดินเข้าสาขาซีคอนสแควร์ชั้นใต้ดิน ส่งลูกค้ามานั่งโต๊ะ แต่โต๊ะยังไม่เก็บ แก้วนน้ำใช้แล้ววางอยู่ เต็มไปหมด เรียกพนักงานไม่มีใครสนใจสักคน ทำไม่ได้ยิน ต้องไปเรียกคนที่ใส่สูทสีดำมา ถึงได้เรื่อง บะหมี่หยก2ก้อนฟรี บอกไม่ได้ต้องลงทะเบียนต่อหน้าพนักงาน คุณควรแจ้งตั้งแต่แรก ไม่ใช่ทำแล้วบอกต้องทำใหม่ สรุป เสียเงินง่ายกว่าเยอะ มากินก็บ่อย ของอะไรที่เป็นโปรโมชั่นมักจะยากกับลูกค้าเสมอ ฝากmkปรับปรุงการบริการด้วยนะค่ะ,การบริการเริ่มแย่ลงทุกหน เดินเข้าสาขาซีคอนสแควร์ชั้นใต้ดิน ส่งลูกค้ามานั่งโต๊ะ แต่โต๊ะยังไม่เก็บ แก้วนน้ำใช้แล้ววางอยู่ เต็มไปหมด เรียกพนักงานไม่มีใครสนใจสักคน ทำไม่ได้ยิน ต้องไปเรียกคนที่ใส่สูทสีดำมา ถึงได้เรื่อง บะหมี่หยก2ก้อนฟรี บอกไม่ได้ต้องลงทะเบียนต่อหน้าพนักงาน คุณควรแจ้งตั้งแต่แรก ไม่ใช่ทำแล้วบอกต้องทำใหม่ สรุป เสียเถิดง่ายกว่าเยอะ มากินก็บ่อย ของอะไรที่เป็นโปรโมชั่นมัจจะยากกับลูกค้าเสมอ ฝากmkปรับปรุงการบริการด้วยนะค่ะ
นัดต่อไป เรือต่อ2เม็ดฯ เล่น เบียร์สิงห์ 2หลัง,นัดต่อไป เรื่อ2เม็ดฯฯ เล่น เบียร์สิงห์ 2หลัง
กำนี้กินช้างเน้อ,กำนี้กินช้างเน้อ
ถ้าจะจับบุหรี่ไฟฟ้า ไปจับหวยก่อน กูเดือดร้อน,ถ้าจะจับบุหรี่ไฟฟ้า ไปจับหวยก่อน กูเดือดร้อน
เบียร์ช้างบูด หัวใจต๊ะติ๊งโหน่ง เค้าบอกให้ tag 1 คน 🤣🤣🤣,เบียร์ช้างบูด หัวใจต๊ะติ๊งโหน่ง เค้าบอกให้ tag 1 คน 🤣
ไม่ได้อยากกินเลยจริงๆ,ไม่ได้อยากกินเลยจริง
ทำไมรถฟอร์ดไม่ใส่ ครีบฉลาม Shark Fin มาให้ด้วยนะ,ทำไมรถฟอร์ดไม่ใส่ ครีบฉลาม Shark Fin มาให้ด้วยนะ
เมื่อถามจีน่าว่าบิวตี้บุฟเฟ่มีโปรไหม??,เมื่อถามจีน่าว่าบิตี้บุเฟ่มีโปรไหม??
ประเทศไทยอยากได้อะไรว่ามาเลย มันจะได้ถูกต้องชะที,ประเทศไทยยากไร้อะไรว่ามาเลย มันจะได้ถูกต้องชะที
ได้ไปสักที่ยัง5555,ได้ไปสักที่ยัง5
เพื่อนผมโดนตีไก่ 70000 ไม่ต้องขึ้นศาล จบที่สน.,เพื่อนผมโดนตีไก่ 70 มะต้องขึ้นคาน จบที่สน.
เสียดายบาบีกอนมื้อนั้นเหมือนกันนะ,เสียดายบาบีกอในมื้อนั้นเหมือนกับนะ
ใช้ดีแมคยังไม่ขนาดนี้,ใช้ดีแมคยังไม่ขนาดนี้
แบ๊วสัส เมื่อคืนตายย้อนแดกเบียร์ช้าง,แบ๊วสัส เมื่อคืนตายย้อนแดกเบียร์ช้าง
อยู่เมืองชลบุรีแป้งเจ้านางซื้อได้ที้ไหนคะ,อยู่เมืองบุรีแป้งเจ้านางซื้อได้ที้ไหนะ
ขี้เกียจอ่าน เหลามาเลย,ขี้เกียจอ่าน เหลามาเลย
สำหรับโตโยต้า ได้แค่นี้,สำหรับโตโยต้า ได้แค่นี้
ค้นพบแล้วว่าแดก285ไม่ได้จริงๆ...,ค้นพบแล้วว่าแดก285ไม่ได้จริง.
จองสิทธิ์ #โปรเจคเบลล่า เพียง300บาท❗️ ได้มากกว่าที่คิด สายเปย์สุดๆก็ WINKWHITE นี่แหละค่าา 🔥มีโค้ชสอนฟรี 🔥ได้meet&greet กับ พี่หมื่น หมื่นเรือง แม่การะเกด 🔥มีสิทธิ์ลุ้นรถฮอนด้าแจ๊ส 🔥สะสมโปร แลกของมากมาย ฟรี ทอง แบรนด์เนม รถ ศัลยกรรม ก็ฟรี ❗️ จองเลยตอนนี้ มีสิทธิมากมาย #ติดต่อได้ที่ ↬ 🆔 loukked28 http://line.me/ti/p/mQ1-o4-hqm http://line.me/ti/p/mQ1-o4-hqm http://line.me/ti/p/mQ1-o4-hqm,จองสิทธิ์ #โปรเจคท์เบลล่า เพียง300บาท❗️ ได้หากว่าที่คิด สายเปย์สุดๆๆก็ WINKWHITE นี่แหละค่ามา 🔥มีโค้ชสอนฟรี 🔥ได้meet&greet กับ พี่หมื่น หมื่นเรือง แม่การะเกด 🔥สิทธิ์ลุ้นรถแพนด้าแจ๊ส 🔥สะสมโปร แลกของมากมาย ฟรี ทอง แบรนด์เนม รถ ศัลยกรรม ก็ฟรี ❗️ จองเลยตอนนี้ มีสิทธิมากมาย #ติดต่อได้ที่ ↬ 🆔 loukked28 http://line.me/ti/p/mQ1-o4-hqm http://line.me/ti/p/mQ1-o4-hqm http://line.me/ti/p/mQ1-o4-hqm
อดสะมั้ง,อดสะมั้ง
โอ้ยแงน่ารักกกกก💕 อี้ชิงจะจุ้บหัวน้อยๆของมินซอกง่ะ55555555 ตอนแรกเหมือนจะแกล้งๆเป่าๆ มินซอกหันมาทำหน้าเหว๋อเลย เกิดอะไรขึ้นอ้ะมะกี้ สักพักจุ้บจริง ได้! จุ้บมาจุ้ยกลับ ไม่โกง!! แง น่ารักกกกกก มุมิมาก ทั้งคู่เลย😹💘✨,โอ้ยแงน่ารัก💕 อี้ชิงจะจุ้ยหัวน้อยๆๆของมิในซอกง่ะ5 ตอนแรกเหมือนจะแกล้งๆๆเป่าๆๆ มิในซอกหันตาทำหน้าเหอ๋อเลย เกิดอะไรขึ้นอ้ะมะกี้ สะพักจุ้ยจริง ได้! จุ้ยมาจุ้ยกลับ ไม่โกง!! แง น่ารัก มุมิมาก ทั้งคู่เลย😹💘✨
อีกนิดนะค่ะ พนักงานแคชเชียร์ลองพยายามหลายครั้งเหมือนกันค่ะ จนต้องขอโทษเค้าที่ทำให้เสียเวลา แค่อยากทราบว่ามันเกิดอะไรขึ้น ทำไมถึงชำระผ่านบัตรไม่ได้ และทำให้ไม่ได้ส่วนลดน่ะคะ,อีกนิดนะค่ะ พนักงานแคชเชียร์ลองพยายามหลายครั้งเหมือนกับค่ะ จนต้องขอโทษเค้าที่ทำให้เสียเวลา แค่อยากทราบว่ามันเกิดอะไรขึ้น ทำไมถึงชำระผ่านบัตรไม่ได้ และทำให้ไม่ได้ส่วนลดน่ะคะ
หู้ววววว,หิ้ว
มันเมา ขวดลีโอเสียบอยู่หน้ารถ เห็นกันไม๊ ? เบียร์วุ้นด้วย 555 ก็ถึงบอกไง หนีตามหน้าที่ 555 ถ้าโดนกระบองตี คริปนี้ไม่มีให้ดูแน่นอน,มันเมา ขวดลีโอเสียบอยู่หน้ารถ เห็นกันไม่ ? เบียร์วุ้นด้วย 5 ก็ถึงบอกไง หนีตามหน้าที่ 5 ถ้าโดนกระบองตี คนริไปนี้ไม่มีให้ดูแน่นอน
แม่หญิงใช้มิสทีน ซุปเปอร์แบล็ค ฟิคซ์ ไลเนอร์ เจ้าค่ะ อยากใช้ค่ะ อยากสวยเหมือนแม่หญิงการะเกด ถ้าแม่หญิงใช้อันไหน แสดงว่ามันต้องสุดๆไปเลยจริงๆค่ะ เขาเล่าลือว่าเส้นคมกริบ กรีดแล้วสวยไปสามบ้านแปดบ้านเลยนะออเจ้า แบ่งให้พี่ผินพี่แย้มใช้ด้วยนะค่ะแม่นาย มิสทีนใครใช้ก้สวยเจ้าค่ะ,แม่หญิงใช้สทีน ซุปเปอร์แบล็ค ฟิกซ์ ไมเนอร์ เจ้าคณะ อยากใช้ค่ะ อยากสวยเหมือนแม่หญิงการะเกด ถ้าแม่หญิงใช้อันไหน แสร้งว่ามันต้องสุดๆๆไปเลยจริงค่ะ เขาเล่าลือว่าเส้นคมกริบ กรีดแล้วสวยไปสามบ้านแปดบ้านเลยนะออเจ้า แบ่งให้พี่ผินพี่แย้มใช้ด้วยนะค่ะแม่นาย สทีนใครใช้ก็สวยเจ้าคณะ
ขนลุกมากตอนนี้ ยึกยือมาก บาบีก้อนไม่ปลอดภัยอีกต่อไป อ่านละคิดภาพตามอะ ควรกินแต่อาหารสุกๆท่องไว้ๆ,ขนลุกมากตอนนี้ ยึกยือมาก บาบีก้อนไม่ปลอดภัยอีกต่อไป อ่านละคิดภาพตามอะ ควรกินแต่อาหารสุกๆๆท่องไว้ๆๆ
คำชี้แจงของ ทูลกระหม่อมหญิงอุบลรัตน์ #ทรงพระสแลนด์เดอร์ #พรรคไทยรักษาชาติ,ชี้แจงของ ทูลกระหม่อมหญิงอุบลรัตน์ #ทรงพระสีแลนด์เดอร์ #พรรคไทยรักษาชาติ
อย่าเสือก เด๋วเหงือกสั่น ซีวิกคันแดง ขับอย่างนี้ 5555555555,อย่าเสือก เด๋วเหงือกสั่น ซีวิกคันแดง ขับอย่างนี้ 5
ไปกินนนกันมั้ยยยยย~,ไปกีดกันมั้ย~
อ้าวเห้ย,อ้าวเฮ้ย
เส้นใสๆ กรุบกรอบมากๆ,เส้นใสๆๆ กรุบกรอบมากๆๆ
ชวนกุกิน MK ก็พอแล้วเพื่อน,ชวนกุกิน MK ก็แล้วเพื่อน
ปะวันไหน,ปะวันไหน
ฉลากบอก scotหมดนะ,ฉลากบอก scotหมดนะ
พี่โน๊ตมีปัญหาหมอนรองกระดูก แต่ไปเซฟเฮีย ไม่รักได้ด้วยหรอ,พี่โน้ตปัญหาหมอนรองกระดูก แต่ไปเซฟเฮีย ไม่รักได้ด้วยหรอ
ประชาชาติ ฟันธง ศก.ไม่ดี - จีดีพีเทียม #NationTV,ประชาชาติ ฟัง ศก.ไม่ดี - จีพีเทียม #NationTV
เผยผิวเนียนสวยอย่างเป็นธรรมชาติด้วย IPSA Relaxed Day Foundation SPF25 PA++ รองพื้นสูตรใหม่ที่ให้ความสวยบางเบาแบบคุชชั่น เหมาะสำหรับช่วงซัมเมอร์อันร้อนแรง! www.hisoparty.com/beauty/beauty-new-arrivals/เผยผิวเนียนสวยอย่างเป็นธรรมชาติด้วย-ipsa-relaxed-day-foundation-spf25-pa #ipsa IPSA Thailand #IPSAThailand,เผยผิวเรียบสวยอย่างเป็นธรรมชาติด้วย IPSA Relaxed Day Foundation SPF25 PA++ รองพื้นสูตรใหม่ที่ให้ความสวยบางเบาแบบคุชั่น เหมาะสำหรับช่วงซัมเมอร์อันรุนแรง! w.hisoparty.com/beauty/beauty-new-arrivals/เผยผิวเรียบสวยอย่างเป็นธรรมชาติด้วย-ipsa-relaxed-day-foundation-spf25-pa #ipsa IPSA Thailand #IPSAThailand
#ฮอนด้าซิตี้ #เปลี่ยนมอเตอร์เซ็นทรัลล็อคใหม่กดรีโมทแล้วรถไม่ล็อคครับผม,#แพนด้าซิตี้ #เปลี่ยนมอเตอร์เซ็นทรัลล็อคใหม่กดรีโมทแล้วรถไม่ล็อคครับ
ฝนหยุดตกเเว้ว วันนี้มาชิลกับน้องๆสาวเบียร์ช้าง ตลาดหลบมุม Vintage night Barzaarขุขันธ์ ดึกๆค่อยม่วนกันต่อด้านในโซนโรงเบียร์จ้ะ,ฝนหยุดตกเอเว้วง วันนี้มาชิลกับน้องสาวเบียร์ช้าง ตลาดหลบมุม Vintage night Barzaarขุขันธ์ ดึกๆๆค่อยม่วนกันต่อด้านโซนโรงเบียร์จ้ะ
มันจะหมดเขตแล้วนะ,มันจะหมดเขตแล้วนะ
แอดมินขอทราบสาขาที่คุณลูกค้าเข้าใช้บริการเพื่อแจ้งให้ทางหัวหน้างานทราบด้วยนะคะ,ทอดมันขอทราบสาขาที่คุณลูกค้าเข้าใช้บริการเพื่อแจ้งให้ทางหัวหน้างานทราบด้วยมะคะ
สวยจังแต่ข่อยใช้รีโว่นะก้อประหยัดค่าน้ำมันดี,สวยจังแต่ข่อยใช้รีโว่นะก้อประหยัดค่าน้ำมันดี
กะเพราใส่ถั่วฝักยาวคือกะเพราที่แม่ค้าเบี่ยงเบนความสนใจจากการที่แม่ค้าใส่กะเพรากับหมูน้อย จำไว้ กะเพราต้องไม่ใส่ถั่วฝักยาว!!!!!!,กะเพราใส่ถั่วฝักยาวคือกะเพราที่แม่ค้าเบี่ยงเบนความสนใจจากการที่แม่ค้าใส่กะเพรากับหมูน้อย ไว้ กะเพราต้องไม่ใส่ถั่วฝักยาว!
"ฉลองวันเกิดลาซาด้าครบรอบ 6 ปี กับ อัพ ภูมิพัฒน์ !!! ขนแบรนด์ชั้นนำทั้ง Benefit, Vistra, Inisfree, Laneige และที่ขาดไม่ได้ Garnier นั้นเอง!!! . วันเดียว วันที่ 23 เม.ย. เวลา บ่าย 2 โมงตรง !!! อย่าลืมมาดูกันน้าาา ช้อป Lazada 25-27 เม.ย. ลดสูงสุด 90% >>> https://lzd.co/2qV2LGy","ฉลองบังเกิดลาซาด้าครอบ 6 ปี กับ อัพ ภูมิพัฒน์ ! ขนแบรนด์ชั้นนำทั้ง Benefit, Vistra, Inisfree, Laneige และที่ขาดไม่ได้ Garnier นั้นเอง! . วันเดียว วันที่ 23 เม.ย. เวลา บ่าย 2 โมงตรง ! อย่าลืมมาดูกันน้า ช้อป Lazada 25-27 เม.ย. ลดสูงสุด 90% > https://lzd.co/2qV2LGy"
ก่อนจะระเบิดความมันส์กับคอนเสิร์ต”เบียร์ช้าง” ที่อุบลฯ นางก็ต้องแวะมาเติมพลังปลาแดกที่ร้าน”แม่แมว” เป็นประจำ ได้ปลาแดกไปเต็มๆ คืนนี้มันส์แน่ๆ ใคร ‼️ใคร‼️ อยากสัมผัสความมันส์ สไตล์ ”ดาเอ็นโดรฟิน”กับขุมพลังปลาแดกของ”ส้มตำพรทิพย์” คือนี้เจอกันที่คอนเสิร์ต”เบียร์ช้าง”ข้างโรงแรมสุณีกันเลย!!! มันส์แน่นวล 😆😆😆,ก่อนจะระเบิดความมันส์กับคอนเสิร์ต”เบียร์ช้าง” ที่อุบล นางก็ต้องแวะมาเติมพลังปลาแดกที่ร้าน”แม่แมว” เป็นประจำ ได้ปลาแดกไปเต็ม วันนี้มันส์แน่ ใคร ‼️ใคร‼️ อยากสัมผัสความมันส์ สไตล์ ”ดาเอ็นโดรฟิน”กับขุมพลังปลาแดกของ”ส้มตำพรทิพย์” คือนี้เจอวันที่คอนเสิร์ต”เบียร์ช้าง”ข้างโรงแรมสุณีกันเลย! มันส์แน่นวล 😆
ถ้าเราไปก็แบบเปิดเบียร์ช้างในคอน,ถ้าเราไปก็แบบเปิดเบียร์ช้างในคอน
Mazda3 รุ่นปรับใหม่ อัดออพชั่นเพิ่มมากขึ้น เคาะราคา 8.57 แสนบาท – 1.149 ล้านบาท,Mazda3 รุ่นปรับใหม่ อัดออชั่นเพิ่มมากขึ้น เคาะราคา 8.57 แสนบาท – 1.149 ล้านบาท
💓โปรโมชั่นฮอต ลดยกเซ็ต ซ่อมผิวแก่ อวดความชุ่มชื่นรับหน้าร้อนกันได้ที่ร้าน Watsons ทุกสาขา ถึง 25 เม.ย. เท่านั้นนะคะ #HadaLaboAntiAgingLotion #1stStepAntiAging #โลชั่นซ่อมผิวแก่ #Promotion,💓โปรโมชั่นฮอต ลดยกเซ็ต ซ่อมผิวแก่ อวดความชุ่มชื่นรับหน้าร้านกันได้ที่ร้าน Watsons ทุกสาขา ถึง 25 เม.ย. เท่านั้นมะคะ #HadaLaboAntiAgingLotion #1stStepAntiAging #โลชั่นซ่อมผิวแก่ #Promotion
สวยเข้มทุกมุมมองครับ ส่วนเติ้ลธนพล หล่อเท่ห์มากครับ #ToyotaBuzz #เติ้ลธนพล,สวยเข้มทุกมุมมืดครับ ส่วนเติ้ลธนพล หล่อเท่ห์มากครับ #ToyotaBuzz #เติ้ลธนพล
#MKก็มีชาชีสแล้วนะรู้ยัง #รสชาติเป็นยังไงไปดูกัน 🧀 เป็นร้านสุกี้แนวครอบครัวที่ทุกคนรู้จัก แต่วันนี้เค้ามีโปรใหม่อย่างชาชีสสุดฮิต เราจึงต้องมาลอง ทางร้านมี 3 แบบ คือ สตรอเบอร์รี่ปั่นครีมชีส ชาไทยครีมชีส ชาเอิร์ลเกรย์ครีมชีส อันนี้สั่งแบบกลับบ้าน แก้วน่ารักมาก มีไม้หนวดปักด้วย ><ทุกคนลงมติว่าชาไทยครีมชีสอร่อยมาก รีบมาโดนกัน 📍MK Restaurants #foodstylistchannel,#MKก็มีชาชีสแล้วนะรู้ยัง #รสชาติเป็นยังไงไปด้กัน 🧀 เป็นร้านสุกี้แนวครอบครัวที่ทุกรู้จัก แต่วันนี้เค้ามีโปรใหม่อย่างชาชีสสุดฮิต เราจึงต้องมาลอง ทางร้านมี 3 แบบ คือ สตรอเบอร์รี่ปั่นครีมชีส ชาไทยครีมชีส ชาเอิร์ลเกรย์ครีมชีส วันนี้สั่งแบบกลับบ้าน แก้วน่ารักมาก มีไม้หนวดปักด้วย ><ทุกหนมติว่าชาไทยครีมชีสอร่อยมาก รีบมาโดนกัน 📍MK Restaurants #foodstylistchannel
อีดออกกก ฟังเพลงล้ะมีโฆษณาเอ็มเคชีสซิ๊ดเเซ่บคือเหี้ยใร,อีดีออก รังเพลิงละมีโฆษณาเอ็มเคชีสซิ๊ดเเซ่บคือเหี้ยใร
ไปถึงก็ชุดใหญ่ทุกที,ไปถึงก็ชุดใหญ่ทุกที
สรุป/ไม่อร่อย/ได้น้อย/แพง🙅,สรุป/ไม่อร่อย/ได้น้อย/แพง🙅
กี่โปร ... กี่โปร ก็ยังไปไม่ถึง,กี่โปร . กี่โปร ก็ยังไปไม่ถึง
ผม เดือนละ 700 100/30 ต้องไปแจ้งเรื่องเปลี่ยนแพ็คไหมคับ หรือ จะอัพให้อัติโนมัตเลย,ผม เดือนละ 700 100/30 ต้องไปแจ้งเรื่องเปลี่ยนแพ็คไหมคับ หรือ จะอัพให้อัติโนมัตเลย
ไม่กินกาแฟเลยไม่ชอบบรรยากาศสตาบัค คือนั่งอะนั่งได้แต่ไม่ค่อยจอยเพราะมีแต่กลิ่นกาแฟ ละเพื่อนคือมีอะไรก็นัดตาบัค นี่จะค้านก็ไม่ได้เพราะมีปหคนเดียว,ไม่กินกาแฟเลยไม่ชอบบรรยากาศสีตาบัค คือนั่งอะนั่งได้แต่ไม่ค่อยจอยาเพราะมีแต่กลิ่นกาแฟ ละเพื่อนคือมีอะไรก็นัดตาบัค นี่จะค้านก็ไม่ได้เพราะมีปีเดียว
หรือว่า Toyota Altis 2019 ใหม่ จะมีหน้าตาเป็นแบบนี้...,ถือว่า Toyota Altis 2019 ใหม่ จะมีหน้าตาเป็นแค่นี้.
เลื่อนสอบ GAT/PAT เพราะตรงวันเลือกตั้ง แล้ว #เลื่อนเลือกตั้ง อีกครั้ง...คงยิ่งทำให้เด็กรุ่นใหม่มีความทรงจำแย่ๆกับการเมืองมากขึ้น #dek62 #เลื่อนแม่มึงสิ,เลื่อนสอบ GAT/PAT เพราะตรงวันเลือกตั้ง แล้ว #เลื่อนเลือกตั้ง อีกครั้ง.คงยิ่งทำให้เด็กรุ่นใหม่มีความทรงจำแย่ๆๆกับการเมืองมือขึ้น #dek62 #เลื่อนแม่มึงสิ
มีนิสสันเซลฟี่ไหมครับ,มีนิกสันเยลลี่ไหมครับ
มิตซู ปาเจโร่ รุ่นใหม่แหง่,มิติ ปาเจโร่ รุ่นใหม่แหง่
ป่ะ ไปคลายหนาว ทิ้งความเครียด กับดนตรีด้วยกัน พักสมอง มองภูเขา ดูทะเลหมอก #แสงโสม ที่บ้านคือแฟนพันธ์ุแท้ แสงโสม555,ป่ะ ไปคลายหนาว ทิ้งความเครียด กับดนตรีด้วยกัน พักสมอง มองภูเขา ดูทะเลหมอก #แสงสี ที่บ้านคือแฟนพันธ์สุแท้ แสงสี5
ผ้าอนามัยค่ะ ส่วนมากตอนนี้ ที่ รพ จะใช้ตอนคลอดลูก เพราะ มันสะดวกกว่าใส่แบบแปะเกงในค่ะ,ผ้าอนามัยค่ะ ส่วนมากตอนนี้ ที่ รพ จะใช้ตอนคลอดลูก เพราะ มันสะดวกกว่าใส่แบบแปะเกลงในค่ะ
สวัสดีคับ,สวัสดีคับ
จริงเมาเบียร์ช้างอุดหนุนเขามาตลอด,จริงเมาเบียร์ช้างอุดหนุนเขามาตลอด
กำลังร้บชมยุ่จ้า,กำลังร้บชมยุ่จ้า
งั้นเจ้าเลี้ยง ตามนี้นะ เจ้าค่าาา,งั้นเจ้าเลี้ยง ตามนี้นะ เจ้าค่า
เกลียดกาวผ้าอนามัยไม่ติดเหี้ยไรซักอย่างเป็นกาวที่กากมากเว่อร์ ต่อไปนี่ควรแถมกาวสองหน้ามาด้วยนะ 😒,เกลียดกาวผ้าอนามัยไม่ติดเหี้ยไรซักอย่างเป็นกาวที่กากมากเว่อร์ ต่อไปนี่ควรแถมกาวกองหน้ามาด้วยนะ 😒
คันนี้สิ ใช่เลย! ฮอนด้า ซีวิค แฮทซ์แบ็ก ใหม่ แนวนอนแถวที 5 คันที่ 4 ค่าา ❤ คอนเฟิร์มค่ะ จาก #สาวกคนรักฮอนด้า👍👍👍❤❤❤ #EnjoyHondaThailand,คันนี้สิ ใช่เลย! แพนด้า ซิวิค แฮทซ์แบ็ก ใหม่ แนวนอนแถวที 5 คันที่ 4 ค่ามา ❤ คอนเฟิร์มค่ะ จาก #สาวกคนรักแพนด้า👍❤ #EnjoyHondaThailand
สาสสสส พูดเรื่องเงินแล้วปวดใจชิบ,สาสี พูดเรื่องเงินแล้วปวดชิบ
รุ่นนี้หรือเปล่าครับ Honda Pilot ใหญ่กว่า Crv มีขายในอเมริกาครับ จัดอยู่ในระดับเดียวกับ Mazda CX-9 ครับ,รุ่นนี้หรือเปล่าครับ Honda Pilot ใหญ่กว่า Crv มีขายในอเมริกาครับ จัดอยู่ในระดับเดียวกับ Mazda CX-9 ครับ
ไม่ว่าจะเม้นท์ไหนๆ ก็เป็นเสียงเดียวกันว่า เน็ตตัดบ่อยโคตร บางวันแม่งตัด 7-8 รอบ ไอห่า กุจะสตรีม จะอัพโหลดอะไร ก็ไม่ได้ ต้องมาคอยระแวงว่าแม่งจะตัดเมื่อไหร่ ต้องมา resume ตอนไหน,ไม่ว่าจะเม้นท์ไหนๆๆ ก็เป็นเสียงเดียวกันว่า เน็ตตัดบ่อยโคตร บางวันที่ลงตัด 7-8 รอบ ไอห่า กุจะสตรีม จะอัพโหลดอะไร ก็ไม่ได้ ต้องมาคอยระแวงว่าแม่ลงจะตัดเมื่อไหร่ ต้องมา resume ตอนไหน
สีจะแพงกว่าค่ากิน5556,สีจะแพงกว่าค่ากิน56
คูปองที่ให้มาไม่สามารถใช้ได้หลายใบต่อ1ใบเสร็จหราคะ ไม่ใช่เมนูเดียวกันนะคะ พอดีใช้คูปองติ่มซำ1แถม1ไปแต่จะใช้น้ำแตงโมปั่น1แถม1ไม่ได้ค่ะ,คูปองที่ให้มาไม่สามารถใช้ได้หลายใบต่อ1ใบเสร็จหราคะ ไม่ใช่เมนูเดียวกันมะคะ พอดีใช้คูปองติ่ม1แถม1ไปแต่จะใช้น้ำแต้มปั่น1แถม1ไม่ได้ค่ะ
สู้ซีวิคก็ไม่ได้ กระแทกนิดหน่อย แตกทั้งซ้ายขวา จ่ายไปดิค่าถุงลม555มึนถุงลมกระแทกความจำเสื่อมยุครึ่งชั่วโมง55แต่ก็ยังทำงานแหละวะ,สู้ซิวิคก็ไม่ได้ กระแทกนิดหน่อย แตกทั้งซ้ายขวา จ่ายไปดิค่าถุงลม5มึนถุงลมกระแทกความจำเสื่อมยุครึ่งชั่วโมง55แต่ก็ยังทำงานแหละวะ
ตอนนี้กำลังรอสั่งอาหาร ไม่มีเจ้าหน้าที่มารับออเดอร์ ไม่สนใจ ทำเหมือนเราเป็นอากาศ คนมาทีหลัง ได้กินสบายใจ เป็นแฟนคลับก้อน แต่เจอแบบนี้ เลิกทานแน่นอนค่ะ #สาขาโลตัสแคราย 4/2/61,ตอนนี้กำลังรอสั่งอาหาร ไม่มีเจ้าหน้าที่มารับเดอร์ ไม่สนใจ ทำเหมือนเราเป็นอากาศ คนมาทีหลัง ได้กินสบายใจ เป็นแฟนคลับก้อน แต่เจอแค่นี้ เลิกทานแน่นอนค่ะ #สาขาโลตัสแคราย 4/2/61
☹️,☹️
กด love ❤️ ชอบความเรียบง่ายของ SPY Cooler ค่ะ ไม่ว่าปาร์ตี้งานไหนๆ อยากจัดแอลกอฮอล์แบบเบาๆต้องนี่เลย SPY นี่ล่ะใช่เลยตอบโจทย์🍾 รสชาติเบาๆ ละมุน แอลกอฮอล์ไม่มากดื่มได้เรื่อยๆ สังสรรค์กันได้เต็มที่ จะนั่งคุย ร้องเพลง หรือรับลมเย็นๆ จิบ SPY ไปด้วยก็ฟินสุดๆไปเลยค่ะ🏖,กด love ❤️ ชอบความเรียบง่ายของ SPY Cooler ค่ะ ไม่ว่าปาร์ตี้งานไหนๆๆ อยากจัดแอลกอฮอล์แบบเบาๆๆต้องนี่เลย SPY นี่ล่ะใช่เลยตอบโจทย์🍾 รสชาติเบาๆๆ ละมุน แอลกอฮอล์ไม่มากดื่มได้เรื่อย สังสรรค์กันได้เต็มที่ จะนั่งคุย ร้องเพลง หรือรับเย็นๆๆ จิบ SPY ไปด้วยก็ฟินสุดๆๆไปเลยค่ะ🏖
